age,fnlwgt,education-num,capital-gain,capital-loss,hours-per-week,type,workclass,education,marital-status,occupation,relationship,race,sex,native-country
0.5716294299654859,-0.2465962816387483,1.177309208115796,-0.15280085574161603,-0.19734023185886682,0.023696483969704477, <=50K,1,9,0,8,4,4,0,16
0.03620489699156979,-0.9724226514993035,1.177309208115796,2.212351612761934,-0.19734023185886682,1.6393658455404467, >50K,2,9,1,10,0,4,1,16
0.18918333498411724,1.5683355826170007,-0.4654478264643842,-0.15280085574161603,-0.19734023185886682,-0.3802208564229811, <=50K,2,11,3,6,1,4,0,16
0.6481186489617596,1.8001533768498665,-0.4654478264643842,-0.15280085574161603,-0.19734023185886682,0.023696483969704477, <=50K,0,11,0,0,1,4,1,16
-0.1932627599972514,-1.554157829577845,0.766619949470751,-0.15280085574161603,-0.19734023185886682,1.6393658455404467, <=50K,2,7,3,2,1,4,0,16
-0.2697519789935251,-0.02086099704593596,-0.4654478264643842,-0.15280085574161603,-0.19734023185886682,-1.188055537208352, <=50K,2,11,0,8,4,4,0,16
-0.34624119798979885,-0.11129753062097435,1.177309208115796,-0.15280085574161603,-0.19734023185886682,-1.5919728776010378, <=50K,2,9,3,1,3,4,1,16
0.26567255398039097,1.520733763271347,-0.4654478264643842,-0.15280085574161603,-0.19734023185886682,-0.29943738834444394, <=50K,2,11,0,0,4,4,0,16
-1.3406010449413572,0.7258338205227701,-0.054758567819339146,-0.15280085574161603,-0.19734023185886682,0.023696483969704477, <=50K,2,14,3,5,3,4,1,16
-1.1111333879525362,2.114010874276624,-2.9295833783346548,-0.15280085574161603,-0.19734023185886682,0.023696483969704477, <=50K,2,4,3,6,3,4,1,3
-0.8816657309637149,-1.2369475341543754,-0.054758567819339146,-0.15280085574161603,-0.19734023185886682,-0.3802208564229811, <=50K,2,14,3,8,1,4,0,16
2.6368383428648765,1.12974213140105,-0.4654478264643842,-0.15280085574161603,-0.19734023185886682,-1.5919728776010378, <=50K,2,11,1,8,0,4,1,16
-1.1111333879525362,1.34111675908759,-0.4654478264643842,-0.15280085574161603,-0.19734023185886682,0.023696483969704477, <=50K,1,11,3,3,1,4,1,12
1.8719461529021393,-0.7447389857697586,-0.4654478264643842,-0.15280085574161603,-0.19734023185886682,0.023696483969704477, <=50K,1,11,1,12,0,4,1,16
1.107053962939402,-1.38894104333867,-0.054758567819339146,-0.15280085574161603,-0.19734023185886682,0.023696483969704477, <=50K,2,14,1,0,0,4,1,16
1.5659892769170443,-0.08288281485532635,-0.054758567819339146,-0.15280085574161603,-0.19734023185886682,0.18526342012677868, <=50K,2,14,0,6,4,4,0,4
-0.9581549499599887,-0.08215093564660447,1.177309208115796,-0.15280085574161603,-0.19734023185886682,0.023696483969704477, <=50K,2,9,3,10,1,4,0,16
-1.0346441689562624,1.9655185169827014,1.177309208115796,-0.15280085574161603,-0.19734023185886682,0.023696483969704477, <=50K,2,9,3,2,1,2,1,16
-1.417090263937631,0.5958758096767504,-0.054758567819339146,-0.15280085574161603,-0.19734023185886682,-2.561374494543483, <=50K,2,14,3,9,3,4,1,16
0.4186509919729384,-0.7638172964944141,-0.054758567819339146,-0.15280085574161603,-0.19734023185886682,0.023696483969704477, <=50K,2,14,1,2,0,4,1,16
0.7246078679580333,3.4991911793785486,-0.4654478264643842,-0.15280085574161603,-0.19734023185886682,0.023696483969704477, <=50K,1,11,4,0,4,2,0,16
0.11269411598784351,-0.9629576730838058,-0.4654478264643842,-0.15280085574161603,-0.19734023185886682,0.023696483969704477, <=50K,2,11,0,6,4,4,0,16
0.8775863059505808,-0.46895898771569366,0.35593069082570594,-0.15280085574161603,3.6442385516823403,0.18526342012677868, <=50K,2,8,2,4,4,4,1,16
1.1835431819356756,0.6175849294489736,-2.9295833783346548,-0.15280085574161603,-0.19734023185886682,-0.7841381968156667, <=50K,2,4,5,8,4,2,0,16
-0.42273041698607255,-1.5061900706278302,0.35593069082570594,-0.15280085574161603,-0.19734023185886682,0.42761382436239004, <=50K,2,8,3,1,1,4,1,16
-0.2697519789935251,1.4660010667704433,-0.054758567819339146,-0.15280085574161603,-0.19734023185886682,0.8315311647550756, >50K,2,14,1,8,0,4,1,16
-0.7286872929711675,-0.00014090323144498872,-0.4654478264643842,-0.15280085574161603,-0.19734023185886682,0.42761382436239004, <=50K,2,11,0,1,1,4,1,16
1.4895000579207707,0.3249519290751508,0.35593069082570594,-0.15280085574161603,-0.19734023185886682,-0.13787045218736974, <=50K,2,8,5,8,4,4,0,16
-0.9581549499599887,0.768312485407371,-0.054758567819339146,-0.15280085574161603,-0.19734023185886682,-1.5919728776010378, <=50K,2,14,3,0,1,0,0,16
-1.3406010449413572,0.2499738712194677,-0.054758567819339146,-0.15280085574161603,-0.19734023185886682,-1.2688390052868892, <=50K,2,14,3,8,3,4,1,16
-1.2641118259450836,0.14702615927911616,-0.054758567819339146,-0.15280085574161603,-0.19734023185886682,-0.3802208564229811, <=50K,2,14,3,8,4,4,0,16
-0.2697519789935251,-0.8035266886973645,1.177309208115796,-0.15280085574161603,-0.19734023185886682,0.8315311647550756, >50K,2,9,1,8,0,4,1,16
0.03620489699156979,-0.8922423171059488,1.177309208115796,2.212351612761934,-0.19734023185886682,3.255035207111189, >50K,3,9,1,2,0,4,1,16
0.9540755249468545,0.06796342421799884,-0.4654478264643842,1.057482169940978,-0.19734023185886682,0.8315311647550756, >50K,2,11,1,2,0,4,1,16
-1.0346441689562624,0.5833646313114372,-0.054758567819339146,-0.15280085574161603,-0.19734023185886682,0.8315311647550756, <=50K,1,14,0,4,1,2,1,16
-0.040284322004703936,-0.03288755269196031,-0.054758567819339146,-0.15280085574161603,-0.19734023185886682,0.42761382436239004, >50K,1,14,1,11,0,4,1,16
0.4951402109692122,-0.11329536305559353,-0.054758567819339146,-0.15280085574161603,-0.19734023185886682,1.4777989093833725, >50K,2,14,0,5,4,4,1,16
-0.7286872929711675,-1.0241190383099692,-0.054758567819339146,-0.15280085574161603,-0.19734023185886682,0.023696483969704477, <=50K,2,14,1,10,5,4,0,16
0.3421617729766647,0.31462649807642595,1.177309208115796,-0.15280085574161603,-0.19734023185886682,0.023696483969704477, >50K,2,9,1,2,0,4,1,16
2.789816780857424,-0.8918763775015879,-0.054758567819339146,-0.15280085574161603,-0.19734023185886682,-2.480591026464946, <=50K,2,14,0,0,1,4,0,16
0.03620489699156979,0.010154856988547898,-0.4654478264643842,-0.15280085574161603,-0.19734023185886682,0.8315311647550756, <=50K,4,11,1,1,0,4,1,16
0.4951402109692122,0.1318545010875032,1.587998466760841,-0.15280085574161603,-0.19734023185886682,0.023696483969704477, <=50K,4,12,1,8,0,4,1,16
0.4951402109692122,-0.7914309012342989,-1.2868263437544745,-0.15280085574161603,-0.19734023185886682,0.5083972924409271, <=50K,2,1,0,5,4,3,0,14
-0.8816657309637149,-0.7981661680064557,-0.4654478264643842,-0.15280085574161603,-0.19734023185886682,0.023696483969704477, <=50K,2,11,3,5,1,4,1,16
-0.11677354100097767,0.07755697600800182,-0.4654478264643842,-0.15280085574161603,-0.19734023185886682,0.023696483969704477, <=50K,2,11,1,6,0,2,1,16
0.26567255398039097,-0.8665968740219511,0.766619949470751,-0.15280085574161603,-0.19734023185886682,0.8315311647550756, >50K,2,7,1,2,5,4,0,16
2.254392247883508,0.4173566243060764,1.9986877254058864,3.003726843004702,-0.19734023185886682,0.6699642285980013, >50K,2,13,1,8,0,4,1,16
0.11269411598784351,0.18289813076606545,-0.8761370851094293,-0.15280085574161603,-0.19734023185886682,0.8315311647550756, <=50K,1,2,1,11,0,4,1,16
1.4895000579207707,0.015643951053961973,-3.3402726369797,-0.15280085574161603,-0.19734023185886682,-0.7841381968156667, <=50K,2,3,5,7,1,2,0,16
-0.6521980739748938,-0.8606033767180936,0.35593069082570594,-0.15280085574161603,-0.19734023185886682,0.023696483969704477, <=50K,2,8,4,1,1,4,1,16
-0.4992196359823463,-1.462445452517332,1.177309208115796,-0.15280085574161603,-0.19734023185886682,0.42761382436239004, <=50K,3,9,3,3,1,4,0,16
-0.2697519789935251,0.006594363540711742,-0.4654478264643842,-0.15280085574161603,-0.19734023185886682,0.023696483969704477, <=50K,2,11,3,8,4,2,0,16
0.4951402109692122,0.2093249043566716,-0.054758567819339146,-0.15280085574161603,-0.19734023185886682,0.023696483969704477, <=50K,2,14,1,12,0,4,1,16
-0.6521980739748938,-0.5481502961513162,2.4093769840509314,-0.15280085574161603,-0.19734023185886682,0.023696483969704477, <=50K,2,10,3,8,3,4,1,16
-0.57570885497862,0.4801004310646113,-0.054758567819339146,-0.15280085574161603,-0.19734023185886682,0.023696483969704477, <=50K,2,14,3,4,4,4,0,16
-0.8051765119674412,-0.2521842782999356,-0.4654478264643842,-0.15280085574161603,-0.19734023185886682,0.023696483969704477, <=50K,2,11,3,12,1,4,1,16
-0.8051765119674412,0.12374448823409863,-0.054758567819339146,-0.15280085574161603,-0.19734023185886682,0.8315311647550756, <=50K,2,14,1,10,0,4,1,16
-0.42273041698607255,-1.040269832199737,-0.4654478264643842,-0.15280085574161603,-0.19734023185886682,0.42761382436239004, <=50K,2,11,3,4,1,4,0,16
1.5659892769170443,-1.3618714028755379,-1.6975156023995195,-0.15280085574161603,-0.19734023185886682,-2.561374494543483, <=50K,2,0,1,6,5,4,0,16
-0.1932627599972514,0.4348426032387828,-0.054758567819339146,-0.15280085574161603,-0.19734023185886682,0.023696483969704477, <=50K,1,14,1,9,0,4,1,16
-1.2641118259450836,0.693799269751822,-0.4654478264643842,-0.15280085574161603,-0.19734023185886682,-0.29943738834444394, <=50K,2,11,3,4,3,4,1,16
-0.7286872929711675,-0.04479542522305679,-0.054758567819339146,-0.15280085574161603,-0.19734023185886682,0.023696483969704477, <=50K,2,14,3,1,4,4,1,16
0.6481186489617596,0.5574521512188518,-0.054758567819339146,-0.15280085574161603,-0.19734023185886682,0.8315311647550756, <=50K,4,14,0,2,1,4,1,16
-0.11677354100097767,-1.6052608008138711,-0.4654478264643842,-0.15280085574161603,-0.19734023185886682,0.023696483969704477, <=50K,4,11,4,6,4,4,0,16
2.6368383428648765,0.1580735792269856,-1.2868263437544745,-0.15280085574161603,-0.19734023185886682,0.023696483969704477, <=50K,2,1,5,0,4,4,0,16
-0.1932627599972514,0.39529145518906955,-0.4654478264643842,-0.15280085574161603,-0.19734023185886682,0.023696483969704477, <=50K,2,11,1,5,5,2,0,16
-0.34624119798979885,1.2877093573700475,0.35593069082570594,-0.15280085574161603,-0.19734023185886682,0.023696483969704477, >50K,0,8,0,1,4,2,0,16
2.4073706858760553,-0.5255906140554432,-1.2868263437544745,-0.15280085574161603,-0.19734023185886682,0.023696483969704477, <=50K,2,1,3,5,1,4,0,16
-0.1932627599972514,-1.3330511864672197,-0.4654478264643842,-0.15280085574161603,-0.19734023185886682,0.023696483969704477, <=50K,2,11,1,5,0,4,1,16
-0.4992196359823463,1.3224142782268729,-0.4654478264643842,-0.15280085574161603,-0.19734023185886682,-1.5919728776010378, <=50K,2,11,4,0,4,4,0,16
-0.2697519789935251,-0.40618551017842675,-0.4654478264643842,-0.15280085574161603,-0.19734023185886682,-0.6225712606585924, <=50K,2,11,1,11,5,4,0,16
-0.57570885497862,-0.36502224981760983,-1.2868263437544745,-0.15280085574161603,-0.19734023185886682,0.023696483969704477, <=50K,2,1,1,6,0,4,1,10
-0.7286872929711675,-0.7448082175867999,1.177309208115796,-0.15280085574161603,-0.19734023185886682,1.235448505147761, <=50K,2,9,3,12,1,4,1,16
1.2600324009319495,0.23340768642745227,1.177309208115796,-0.15280085574161603,-0.19734023185886682,-0.3802208564229811, >50K,2,9,1,10,0,4,1,16
0.7246078679580333,0.7387208287520215,-0.054758567819339146,-0.15280085574161603,-0.19734023185886682,0.8315311647550756, >50K,2,14,1,8,0,4,1,16
-1.0346441689562624,-1.0538689391185556,-0.4654478264643842,-0.15280085574161603,-0.19734023185886682,0.023696483969704477, <=50K,2,11,3,4,4,2,0,16
1.107053962939402,1.433224746531196,1.177309208115796,-0.15280085574161603,-0.19734023185886682,1.6393658455404467, >50K,4,9,1,8,0,4,1,16
-1.3406010449413572,-1.6024519670939115,-0.4654478264643842,-0.15280085574161603,-0.19734023185886682,0.6699642285980013, <=50K,2,11,3,4,3,0,1,16
0.4186509919729384,-0.009141039446808608,1.587998466760841,0.6363704251827914,-0.19734023185886682,0.42761382436239004, <=50K,3,12,1,2,0,4,1,16
0.5716294299654859,2.4162374264404494,-2.5188941196896097,-0.15280085574161603,-0.19734023185886682,0.023696483969704477, <=50K,2,5,4,6,4,4,0,10
-0.6521980739748938,-0.7783361975539237,-0.4654478264643842,-0.15280085574161603,-0.19734023185886682,-0.3802208564229811, <=50K,4,11,4,1,1,4,1,16
0.7246078679580333,-1.0075231827392217,1.587998466760841,-0.15280085574161603,-0.19734023185886682,0.18526342012677868, <=50K,2,12,0,2,4,4,1,16
-1.0346441689562624,1.6318013783246803,-0.4654478264643842,-0.15280085574161603,-0.19734023185886682,0.023696483969704477, <=50K,2,11,3,1,3,4,1,16
1.0305647439431282,-0.9286088015717642,-0.4654478264643842,-0.15280085574161603,-0.19734023185886682,0.023696483969704477, <=50K,2,11,1,8,0,4,1,16
-1.5700687019301784,0.5277220309294199,-1.2868263437544745,-0.15280085574161603,-0.19734023185886682,-2.2382406222293345, <=50K,2,1,3,10,3,4,1,16
-0.040284322004703936,-1.6506570922737822,0.35593069082570594,-0.15280085574161603,5.306138938475167,0.023696483969704477, >50K,2,8,1,1,0,4,1,16
-0.8051765119674412,-0.3086180994481387,2.4093769840509314,-0.15280085574161603,-0.19734023185886682,2.4472005263258176, <=50K,2,10,3,8,1,4,0,16
-0.6521980739748938,1.5903710809552756,1.177309208115796,-0.15280085574161603,-0.19734023185886682,0.023696483969704477, >50K,2,9,1,2,5,4,1,16
-1.4935794829339049,-0.23566754480580676,-0.8761370851094293,-0.15280085574161603,-0.19734023185886682,-1.188055537208352, <=50K,2,2,3,8,3,4,1,16
-0.11677354100097767,-1.5885957134260824,0.766619949470751,-0.15280085574161603,-0.19734023185886682,-0.3802208564229811, <=50K,4,7,0,10,4,4,0,16
-0.6521980739748938,-1.1647585294994973,-0.054758567819339146,-0.15280085574161603,-0.19734023185886682,0.023696483969704477, <=50K,5,14,3,0,4,1,0,11
2.4838599048723293,-0.2176079308176156,-2.1082048610445647,0.022098265165428982,-0.19734023185886682,-1.9958902179937232, <=50K,2,6,5,8,4,4,0,16
-0.2697519789935251,-0.8171159053566058,-0.4654478264643842,-0.15280085574161603,-0.19734023185886682,0.42761382436239004, <=50K,2,11,1,1,0,4,1,16
0.4951402109692122,0.29599324903275004,-2.5188941196896097,-0.15280085574161603,-0.19734023185886682,-0.3802208564229811, <=50K,2,5,1,1,0,4,1,16
0.4186509919729384,-0.14673433068652142,-0.4654478264643842,-0.15280085574161603,-0.19734023185886682,0.023696483969704477, >50K,2,11,1,5,0,4,1,16
0.4951402109692122,1.4422248827465596,-0.8761370851094293,-0.15280085574161603,-0.19734023185886682,0.023696483969704477, >50K,4,2,1,4,0,2,1,16
-0.1932627599972514,0.7114336025781883,1.587998466760841,-0.15280085574161603,-0.19734023185886682,1.6393658455404467, <=50K,2,12,3,10,1,4,1,16
-0.8051765119674412,-0.7661019464567755,-0.054758567819339146,-0.15280085574161603,-0.19734023185886682,0.023696483969704477, <=50K,2,14,3,8,1,4,1,16
0.4186509919729384,0.04944885828925082,1.587998466760841,-0.15280085574161603,-0.19734023185886682,-0.13787045218736974, <=50K,1,12,3,8,1,4,1,16
-1.3406010449413572,-1.0702768797573339,-0.054758567819339146,-0.15280085574161603,-0.19734023185886682,-1.188055537208352, <=50K,2,14,3,10,1,4,0,16
0.3421617729766647,1.5017741356616192,0.766619949470751,1.2032576748554007,-0.19734023185886682,0.023696483969704477, >50K,2,7,0,8,4,4,0,16
-0.8051765119674412,0.5934329155611516,-0.054758567819339146,0.3841756531818138,-0.19734023185886682,0.023696483969704477, <=50K,5,14,1,12,0,4,1,16
0.3421617729766647,0.5702600373714847,-0.4654478264643842,-0.15280085574161603,-0.19734023185886682,0.023696483969704477, >50K,2,11,1,1,0,2,1,16
-1.3406010449413572,-0.7379542676997153,-1.2868263437544745,-0.15280085574161603,4.7076320990104135,0.023696483969704477, <=50K,2,1,2,8,3,1,0,15
-1.0346441689562624,-0.1702533679613947,-2.1082048610445647,-0.15280085574161603,4.593498236600856,0.023696483969704477, <=50K,2,6,3,5,1,4,1,16
0.801097086954307,-0.7803735910268522,-0.054758567819339146,-0.15280085574161603,-0.19734023185886682,0.023696483969704477, <=50K,0,14,0,2,1,4,1,16
-1.5700687019301784,-1.0808396769859145,-1.2868263437544745,-0.15280085574161603,-0.19734023185886682,-1.5919728776010378, <=50K,2,1,3,8,3,4,0,16
-1.5700687019301784,1.7737167129996831,-1.2868263437544745,-0.15280085574161603,-0.19734023185886682,-2.3998075583864087, <=50K,4,1,3,3,3,4,1,16
-0.34624119798979885,-0.06729576576146584,1.177309208115796,-0.15280085574161603,-0.19734023185886682,0.023696483969704477, >50K,2,9,1,2,0,4,1,16
0.9540755249468545,0.29729876329695665,-0.4654478264643842,-0.15280085574161603,-0.19734023185886682,0.8315311647550756, >50K,3,11,1,10,0,4,1,16
-1.1876226069488098,0.5089206474729295,-0.4654478264643842,0.2560317428142759,-0.19734023185886682,0.023696483969704477, <=50K,2,11,3,10,3,4,0,16
-1.5700687019301784,-0.8568351878191337,-0.8761370851094293,-0.15280085574161603,-0.19734023185886682,-1.9151067499151861, <=50K,2,2,3,6,3,4,1,16
-0.42273041698607255,0.36501737062288486,-0.054758567819339146,-0.15280085574161603,-0.19734023185886682,0.023696483969704477, <=50K,2,14,1,0,0,4,1,10
-0.4992196359823463,-0.6320196973670124,-0.4654478264643842,-0.15280085574161603,-0.19734023185886682,0.42761382436239004, <=50K,2,11,3,1,1,4,1,16
1.5659892769170443,0.14499865606576504,-0.4654478264643842,-0.15280085574161603,-0.19734023185886682,0.8315311647550756, <=50K,4,11,5,2,1,4,1,16
-0.6521980739748938,-0.9603268640362379,-0.4654478264643842,-0.15280085574161603,-0.19734023185886682,0.6699642285980013, <=50K,1,11,3,9,3,4,1,16
-0.040284322004703936,-0.2790956746098306,0.35593069082570594,-0.15280085574161603,-0.19734023185886682,0.023696483969704477, >50K,2,8,1,1,0,4,1,13
-0.2697519789935251,0.0091955018095476,-0.4654478264643842,-0.15280085574161603,-0.19734023185886682,0.023696483969704477, >50K,4,11,1,1,0,4,1,16
-1.1111333879525362,2.3881787600195854,-0.054758567819339146,-0.15280085574161603,-0.19734023185886682,0.023696483969704477, <=50K,1,14,4,2,4,2,1,16
-1.4935794829339049,-1.2859142093216998,-1.2868263437544745,-0.15280085574161603,-0.19734023185886682,-2.803724898779094, <=50K,5,1,3,0,3,4,0,16
-0.2697519789935251,-0.5206158134880499,-0.4654478264643842,-0.15280085574161603,-0.19734023185886682,0.023696483969704477, <=50K,2,11,0,2,1,4,0,16
2.177903028887234,-0.3949996265964748,-2.5188941196896097,-0.15280085574161603,-0.19734023185886682,-2.8845083668576312, <=50K,2,5,3,8,1,4,1,16
0.5716294299654859,-1.0158903423416366,1.177309208115796,-0.15280085574161603,-0.19734023185886682,1.235448505147761, <=50K,1,9,1,8,5,4,0,16
0.26567255398039097,0.05700501660632533,1.587998466760841,-0.15280085574161603,-0.19734023185886682,-0.3802208564229811, <=50K,2,12,3,2,1,4,1,2
-0.8816657309637149,-0.21768705289423418,-0.4654478264643842,-0.15280085574161603,-0.19734023185886682,-0.7841381968156667, <=50K,2,11,3,6,2,4,1,16
1.2600324009319495,-0.7552226609217206,-0.054758567819339146,-0.15280085574161603,-0.19734023185886682,0.023696483969704477, <=50K,1,14,1,3,0,4,1,16
-1.0346441689562624,-0.4879186153254212,-0.054758567819339146,-0.15280085574161603,-0.19734023185886682,0.42761382436239004, <=50K,2,14,3,5,3,2,0,16
0.3421617729766647,0.7226293764197176,-0.054758567819339146,-0.15280085574161603,-0.19734023185886682,0.8315311647550756, <=50K,2,14,1,8,0,4,1,16
-1.3406010449413572,1.2594429954980595,-0.054758567819339146,-0.15280085574161603,-0.19734023185886682,-1.5919728776010378, <=50K,2,14,3,8,3,4,1,16
-1.1111333879525362,1.4448952528324366,1.177309208115796,-0.15280085574161603,-0.19734023185886682,-1.5919728776010378, <=50K,5,9,3,11,1,4,0,16
-0.9581549499599887,0.1297577660571108,0.766619949470751,-0.15280085574161603,-0.19734023185886682,0.42761382436239004, <=50K,2,7,3,8,2,4,1,16
-0.1932627599972514,0.14111178405187721,1.587998466760841,-0.15280085574161603,-0.19734023185886682,1.6393658455404467, >50K,2,12,3,8,1,4,1,16
-0.4992196359823463,-0.6987492787352083,1.587998466760841,-0.15280085574161603,5.097357482847928,0.023696483969704477, >50K,2,12,1,11,0,4,1,16
-0.57570885497862,0.0025690278927414196,1.177309208115796,-0.15280085574161603,-0.19734023185886682,0.023696483969704477, <=50K,2,9,3,8,3,4,0,12
-1.417090263937631,2.8253282333372463,-0.4654478264643842,-0.15280085574161603,-0.19734023185886682,-1.5919728776010378, <=50K,2,11,3,10,3,4,0,16
-0.11677354100097767,-0.7763284748597272,1.177309208115796,-0.15280085574161603,-0.19734023185886682,0.8315311647550756, <=50K,1,9,3,8,1,4,1,16
-0.4992196359823463,0.5364946911745051,1.177309208115796,-0.15280085574161603,3.6442385516823403,0.023696483969704477, <=50K,2,9,5,10,4,4,0,1
-1.2641118259450836,-0.25210515622331703,-0.054758567819339146,-0.15280085574161603,-0.19734023185886682,-0.7841381968156667, <=50K,2,14,3,4,3,4,1,16
-0.4992196359823463,-1.0801671393346566,-0.054758567819339146,-0.15280085574161603,-0.19734023185886682,0.023696483969704477, <=50K,4,14,1,1,0,4,1,16
0.6481186489617596,1.0504024690717677,2.4093769840509314,3.8199752155546824,-0.19734023185886682,2.043283185933132, >50K,2,10,0,8,4,4,0,16
0.4951402109692122,-1.249320248885606,1.177309208115796,-0.15280085574161603,-0.19734023185886682,0.8315311647550756, >50K,2,9,0,2,3,4,0,16
0.18918333498411724,0.3935112084651515,-0.8761370851094293,-0.15280085574161603,-0.19734023185886682,0.023696483969704477, <=50K,2,2,1,6,0,2,1,9
0.5716294299654859,0.5260802478395844,-0.054758567819339146,-0.15280085574161603,-0.19734023185886682,0.023696483969704477, <=50K,2,14,3,10,1,2,1,16
1.7189677149095919,-0.11566902535415097,-0.4654478264643842,-0.15280085574161603,-0.19734023185886682,-0.3802208564229811, <=50K,2,11,1,1,0,4,1,16
-1.4935794829339049,0.1853706956603961,-1.2868263437544745,-0.15280085574161603,-0.19734023185886682,-1.188055537208352, <=50K,2,1,3,6,2,4,1,16
-0.7286872929711675,1.059145458538121,1.177309208115796,-0.15280085574161603,-0.19734023185886682,0.023696483969704477, <=50K,2,9,1,8,0,4,1,16
-0.11677354100097767,-1.17771476954579,-0.054758567819339146,-0.15280085574161603,-0.19734023185886682,0.023696483969704477, <=50K,2,14,0,0,4,2,0,16
-0.11677354100097767,0.8150241813910658,1.177309208115796,-0.15280085574161603,-0.19734023185886682,0.023696483969704477, <=50K,2,9,4,8,1,4,1,16
0.18918333498411724,-0.4387838057452822,0.35593069082570594,0.5376649807104986,-0.19734023185886682,0.023696483969704477, <=50K,2,8,1,11,0,4,1,16
-0.11677354100097767,1.9115374802096743,1.177309208115796,-0.15280085574161603,-0.19734023185886682,-0.3802208564229811, <=50K,1,9,0,0,4,4,0,6
-0.4992196359823463,1.051698093076397,-0.4654478264643842,-0.15280085574161603,-0.19734023185886682,0.023696483969704477, <=50K,2,11,4,6,4,2,0,16
-0.34624119798979885,0.04728289144181716,-0.4654478264643842,-0.15280085574161603,-0.19734023185886682,0.023696483969704477, <=50K,2,11,1,5,0,4,1,16
-1.417090263937631,1.8698302555721047,-0.4654478264643842,-0.15280085574161603,-0.19734023185886682,0.023696483969704477, <=50K,5,11,3,11,3,4,0,16
-1.1876226069488098,0.24763976995921957,-0.054758567819339146,-0.15280085574161603,-0.19734023185886682,-1.9958902179937232, <=50K,2,14,3,10,3,4,0,16
-0.2697519789935251,0.27791385452540424,1.177309208115796,-0.15280085574161603,-0.19734023185886682,0.42761382436239004, >50K,2,9,1,2,0,4,1,16
-0.34624119798979885,-0.06729576576146584,-0.4654478264643842,-0.15280085574161603,-0.19734023185886682,0.023696483969704477, <=50K,2,11,3,6,1,4,1,16
0.26567255398039097,-0.6283207402850937,-0.4654478264643842,-0.15280085574161603,5.51213664136071,1.6393658455404467, <=50K,2,11,1,1,0,4,1,16
-0.6521980739748938,0.8106823574366212,1.177309208115796,0.5792251678567272,-0.19734023185886682,0.023696483969704477, <=50K,2,9,3,8,1,4,1,16
0.9540755249468545,-1.373769385147057,-0.4654478264643842,-0.15280085574161603,-0.19734023185886682,0.18526342012677868, >50K,1,11,1,2,0,4,1,16
0.3421617729766647,-0.2692153052920852,1.177309208115796,0.9960864389295041,-0.19734023185886682,0.42761382436239004, >50K,2,9,1,2,0,4,1,16
0.4186509919729384,-0.1129788747491192,1.177309208115796,-0.15280085574161603,-0.19734023185886682,0.023696483969704477, >50K,2,9,3,8,1,4,1,16
0.4951402109692122,-0.77003826976855,-0.4654478264643842,-0.15280085574161603,-0.19734023185886682,0.023696483969704477, <=50K,2,11,1,10,5,4,0,16
-1.3406010449413572,1.084830462660428,-0.054758567819339146,-0.15280085574161603,-0.19734023185886682,-1.5919728776010378, <=50K,2,14,3,6,1,4,0,16
-0.4992196359823463,0.3348026276141642,-0.4654478264643842,-0.15280085574161603,-0.19734023185886682,0.023696483969704477, <=50K,2,11,1,6,0,4,1,10
2.1014138098909605,-0.7010833799954564,-1.2868263437544745,1.324789737267857,-0.19734023185886682,1.5585823774619096, >50K,4,1,1,2,0,4,1,16
-1.1111333879525362,1.6099241241396425,-0.054758567819339146,-0.15280085574161603,-0.19734023185886682,-1.2688390052868892, <=50K,2,14,3,6,1,4,0,16
1.3365216199282233,-0.16088729214167016,-0.054758567819339146,-0.15280085574161603,-0.19734023185886682,0.023696483969704477, <=50K,2,14,0,0,1,1,0,16
-0.8816657309637149,-0.07620688964063356,0.35593069082570594,-0.15280085574161603,6.419640035153778,0.42761382436239004, <=50K,2,8,1,0,0,4,1,16
-0.9581549499599887,1.417687148735222,0.35593069082570594,-0.15280085574161603,-0.19734023185886682,-1.9958902179937232, <=50K,2,8,3,6,3,4,0,16
0.5716294299654859,-1.3667967521450446,-0.054758567819339146,-0.15280085574161603,-0.19734023185886682,0.023696483969704477, <=50K,2,14,1,8,5,2,0,16
-0.1932627599972514,0.45040987181348874,-0.054758567819339146,0.22612100206509628,-0.19734023185886682,0.023696483969704477, <=50K,2,14,1,1,0,4,1,16
-0.11677354100097767,-0.5731034210649012,-0.054758567819339146,-0.15280085574161603,-0.19734023185886682,-0.29943738834444394, <=50K,2,14,3,10,1,2,0,16
0.4186509919729384,0.7081401461389398,1.177309208115796,-0.15280085574161603,-0.19734023185886682,0.8315311647550756, <=50K,5,9,1,8,0,4,1,16
1.4130108389244969,-0.3294272055988256,-0.4654478264643842,-0.059290434662601865,-0.19734023185886682,-1.5919728776010378, <=50K,2,11,5,6,4,2,0,16
0.3421617729766647,0.8956001261675135,1.177309208115796,-0.15280085574161603,-0.19734023185886682,0.023696483969704477, >50K,2,9,1,11,0,4,1,16
-1.417090263937631,0.03058813327529651,-0.054758567819339146,-0.15280085574161603,-0.19734023185886682,-1.188055537208352, <=50K,2,14,3,6,2,4,0,16
1.3365216199282233,0.11451687604845659,-0.4654478264643842,-0.15280085574161603,-0.19734023185886682,2.608767462482892, <=50K,4,11,1,12,0,4,1,16
0.3421617729766647,-0.375357571075912,1.587998466760841,2.064372158529151,-0.19734023185886682,0.8315311647550756, >50K,2,12,3,2,1,4,0,16
-0.8816657309637149,-0.7567358706370511,0.35593069082570594,-0.15280085574161603,-0.19734023185886682,0.023696483969704477, <=50K,2,8,3,11,3,4,1,16
-1.5700687019301784,1.2616880844221117,-0.8761370851094293,-0.15280085574161603,-0.19734023185886682,-1.5919728776010378, <=50K,2,2,3,4,3,4,1,16
0.3421617729766647,-0.6234942936113602,1.177309208115796,-0.15280085574161603,-0.19734023185886682,0.023696483969704477, >50K,1,9,1,8,5,4,0,16
1.3365216199282233,0.0797328331150128,-0.4654478264643842,1.057482169940978,-0.19734023185886682,0.023696483969704477, >50K,2,11,1,12,0,4,1,16
-0.42273041698607255,0.7751565450348782,-0.054758567819339146,-0.15280085574161603,-0.19734023185886682,0.023696483969704477, <=50K,2,14,3,0,3,2,0,16
-0.6521980739748938,0.7682135828115977,-1.2868263437544745,-0.15280085574161603,-0.19734023185886682,0.023696483969704477, <=50K,2,1,3,1,3,2,1,5
0.6481186489617596,0.03646294746422617,1.177309208115796,-0.15280085574161603,-0.19734023185886682,-0.21865392026590685, <=50K,5,9,1,8,0,4,1,16
-0.6521980739748938,1.648990649470067,1.177309208115796,1.057482169940978,-0.19734023185886682,0.023696483969704477, >50K,5,9,1,2,0,4,1,16
-1.1876226069488098,0.3377993762660929,1.177309208115796,-0.15280085574161603,-0.19734023185886682,-1.5919728776010378, <=50K,2,9,3,8,4,4,1,16
1.5659892769170443,-1.0073253775476751,-1.6975156023995195,-0.15280085574161603,-0.19734023185886682,0.023696483969704477, <=50K,4,0,1,1,0,4,1,16
-1.1111333879525362,-0.43763653563431276,-0.4654478264643842,-0.15280085574161603,-0.19734023185886682,0.8315311647550756, <=50K,2,11,3,12,4,4,1,16
0.11269411598784351,-1.3971697393070024,-0.4654478264643842,-0.15280085574161603,-0.19734023185886682,0.023696483969704477, <=50K,2,11,3,4,1,4,1,16
-1.1876226069488098,0.30245158853674176,-0.054758567819339146,-0.15280085574161603,-0.19734023185886682,0.023696483969704477, <=50K,2,14,3,8,3,2,1,16
0.4186509919729384,-0.9420199935586137,-0.054758567819339146,-0.15280085574161603,-0.19734023185886682,0.42761382436239004, <=50K,2,14,0,2,1,4,1,16
-1.1876226069488098,-0.5128123986815423,-0.054758567819339146,-0.15280085574161603,-0.19734023185886682,0.023696483969704477, <=50K,2,14,3,0,3,4,1,16
-1.5700687019301784,-1.5503302991214212,-1.6975156023995195,-0.15280085574161603,-0.19734023185886682,-1.5919728776010378, <=50K,2,0,3,3,3,4,1,16
0.7246078679580333,-0.9509706784760907,-0.4654478264643842,-0.15280085574161603,-0.19734023185886682,2.851117866718503, <=50K,4,11,1,6,5,4,0,8
0.26567255398039097,0.6436556536947962,0.35593069082570594,-0.15280085574161603,-0.19734023185886682,1.6393658455404467, <=50K,2,8,3,8,1,4,0,16
1.4130108389244969,-0.027734727452175204,-0.054758567819339146,-0.15280085574161603,-0.19734023185886682,0.8315311647550756, >50K,2,14,1,1,0,4,1,16
2.024924590894687,-0.19275370849980375,-0.4654478264643842,-0.15280085574161603,-0.19734023185886682,0.42761382436239004, <=50K,2,11,1,12,0,4,1,16
0.7246078679580333,0.018957188012365064,-0.4654478264643842,-0.15280085574161603,-0.19734023185886682,0.8315311647550756, >50K,2,11,1,12,0,4,1,16
0.801097086954307,-0.21957609247350282,0.35593069082570594,-0.15280085574161603,-0.19734023185886682,0.023696483969704477, <=50K,2,8,3,0,4,4,1,16
-0.4992196359823463,-0.17297318934515846,1.587998466760841,-0.15280085574161603,-0.19734023185886682,0.5083972924409271, <=50K,2,12,3,8,1,4,0,16
-0.6521980739748938,-0.34565712156521206,0.35593069082570594,-0.15280085574161603,-0.19734023185886682,0.023696483969704477, <=50K,2,8,3,11,3,4,1,16
-0.57570885497862,-0.5947334187605059,-0.4654478264643842,-0.15280085574161603,-0.19734023185886682,0.023696483969704477, <=50K,2,11,5,0,1,4,0,16
-0.42273041698607255,-0.7816197637335949,-0.4654478264643842,-0.15280085574161603,4.457094352257726,1.6393658455404467, <=50K,2,11,1,2,0,4,1,16
1.4895000579207707,-1.533892687703911,-0.4654478264643842,-0.15280085574161603,1.6204503084689654,0.18526342012677868, >50K,2,11,5,12,4,4,1,16
1.8719461529021393,-0.14840578455508896,-0.4654478264643842,-0.15280085574161603,-0.19734023185886682,0.023696483969704477, <=50K,2,11,5,6,1,4,0,16
0.11269411598784351,4.856411720655382,-0.4654478264643842,-0.15280085574161603,-0.19734023185886682,-1.2688390052868892, <=50K,2,11,4,5,4,4,0,16
0.4186509919729384,0.4328942221020503,-0.054758567819339146,-0.15280085574161603,-0.19734023185886682,-1.188055537208352, <=50K,2,14,3,0,1,4,1,16
-1.0346441689562624,-0.23624117986129148,1.177309208115796,-0.15280085574161603,-0.19734023185886682,0.023696483969704477, <=50K,3,9,3,10,3,4,1,16
0.3421617729766647,0.6766891206830538,-1.2868263437544745,-0.15280085574161603,-0.19734023185886682,-1.9958902179937232, <=50K,2,1,1,8,0,4,1,16
1.1835431819356756,0.048449942071941234,-0.054758567819339146,0.5376649807104986,-0.19734023185886682,0.023696483969704477, >50K,2,14,1,0,5,4,0,16
-0.8816657309637149,0.8973704826318543,-0.054758567819339146,-0.15280085574161603,-0.19734023185886682,0.023696483969704477, <=50K,2,14,3,4,3,4,1,16
2.71332756186115,-0.11841851751664666,-0.4654478264643842,-0.15280085574161603,-0.19734023185886682,0.023696483969704477, <=50K,4,11,1,2,0,4,1,16
2.6368383428648765,-1.5867066738468139,-1.2868263437544745,-0.15280085574161603,-0.19734023185886682,-1.2688390052868892, <=50K,2,1,5,8,1,4,0,16
1.3365216199282233,-0.8313380986287958,-0.4654478264643842,-0.15280085574161603,-0.19734023185886682,0.023696483969704477, <=50K,2,11,1,5,0,4,1,16
-0.9581549499599887,3.064721966406341,-0.4654478264643842,-0.15280085574161603,-0.19734023185886682,0.023696483969704477, <=50K,2,11,0,0,1,4,1,16
0.26567255398039097,-0.08691804076287399,1.177309208115796,-0.15280085574161603,-0.19734023185886682,0.8315311647550756, >50K,2,9,0,8,1,4,0,16
-1.0346441689562624,1.3062535940775277,1.177309208115796,-0.15280085574161603,-0.19734023185886682,0.8315311647550756, <=50K,2,9,3,2,1,4,1,16
1.948435371898413,-1.0211915214750815,-0.4654478264643842,-0.15280085574161603,-0.19734023185886682,-2.722941430700557, <=50K,2,11,5,3,1,4,1,16
-1.5700687019301784,0.08667579533829331,-1.2868263437544745,-0.15280085574161603,-0.19734023185886682,-1.5919728776010378, <=50K,2,1,3,10,3,4,1,16
-0.1932627599972514,-0.5360347281690959,-0.054758567819339146,-0.15280085574161603,-0.19734023185886682,0.8315311647550756, <=50K,2,14,1,1,0,4,1,16
1.0305647439431282,-0.4208033138337096,-0.054758567819339146,-0.15280085574161603,-0.19734023185886682,0.023696483969704477, >50K,2,14,1,8,0,4,1,16
1.8719461529021393,1.006974339267744,1.177309208115796,-0.15280085574161603,-0.19734023185886682,0.6699642285980013, <=50K,1,9,5,8,1,4,0,16
1.3365216199282233,1.9603360209641842,-0.4654478264643842,0.5376649807104986,-0.19734023185886682,0.023696483969704477, >50K,2,11,1,1,0,4,1,16
0.4186509919729384,-0.8551637339505661,-0.054758567819339146,-0.15280085574161603,-0.19734023185886682,0.023696483969704477, <=50K,2,14,0,8,1,4,1,16
0.18918333498411724,-1.5437334959833469,-0.4654478264643842,-0.15280085574161603,-0.19734023185886682,0.8315311647550756, <=50K,1,11,0,6,1,4,0,16
-0.040284322004703936,-1.0168101364823277,1.177309208115796,-0.15280085574161603,-0.19734023185886682,0.42761382436239004, >50K,2,9,1,2,0,4,1,16
0.11269411598784351,-0.5060672416498082,1.177309208115796,-0.15280085574161603,-0.19734023185886682,0.023696483969704477, <=50K,2,9,1,1,0,4,1,16
-0.4992196359823463,-0.6962173722834136,-0.4654478264643842,-0.15280085574161603,-0.19734023185886682,-1.753539813758112, <=50K,2,11,3,1,3,4,1,16
1.7954569339058655,-0.8859323314956169,1.587998466760841,-0.15280085574161603,-0.19734023185886682,0.023696483969704477, >50K,2,12,5,8,1,4,0,16
-0.8816657309637149,-0.9730061768143656,0.35593069082570594,-0.15280085574161603,-0.19734023185886682,1.235448505147761, <=50K,2,8,0,0,1,4,0,16
0.6481186489617596,-0.1182207123251002,-0.4654478264643842,-0.15280085574161603,-0.19734023185886682,0.8315311647550756, <=50K,4,11,1,10,0,4,1,16
-0.8816657309637149,-0.9187383225135962,1.177309208115796,-0.15280085574161603,-0.19734023185886682,0.023696483969704477, <=50K,2,9,3,8,1,4,0,16
0.801097086954307,1.3700556586108361,2.4093769840509314,-0.15280085574161603,-0.19734023185886682,0.8315311647550756, >50K,5,10,0,8,3,4,1,16
-0.2697519789935251,-0.769395402896024,-0.4654478264643842,-0.15280085574161603,-0.19734023185886682,0.023696483969704477, <=50K,2,11,3,12,3,4,1,16
-0.2697519789935251,-0.22564871185397892,-0.4654478264643842,-0.15280085574161603,-0.19734023185886682,0.023696483969704477, <=50K,1,11,3,0,3,4,0,16
1.642478495913318,-0.46660510593629084,-0.4654478264643842,-0.15280085574161603,-0.19734023185886682,0.023696483969704477, >50K,2,11,1,6,0,4,1,16
-0.2697519789935251,-0.005560765479817806,1.177309208115796,-0.15280085574161603,-0.19734023185886682,0.023696483969704477, <=50K,2,9,3,8,3,4,0,16
0.8775863059505808,-1.4914239130788873,1.177309208115796,-0.15280085574161603,-0.19734023185886682,1.3162319732262981, >50K,2,9,3,2,1,4,0,16
-1.4935794829339049,0.2662829092624728,-1.2868263437544745,-0.15280085574161603,-0.19734023185886682,-1.5919728776010378, <=50K,2,1,3,0,3,4,0,16
0.4186509919729384,0.021627558098242183,-0.4654478264643842,-0.15280085574161603,-0.19734023185886682,0.023696483969704477, <=50K,2,11,1,3,0,4,1,10
0.801097086954307,0.9492152233361797,-1.2868263437544745,-0.15280085574161603,-0.19734023185886682,0.8315311647550756, <=50K,2,1,1,2,0,4,1,16
-0.7286872929711675,-0.46136326836030983,-0.054758567819339146,-0.15280085574161603,-0.19734023185886682,2.4472005263258176, <=50K,3,14,1,2,0,4,1,16
-0.34624119798979885,-1.0722549316727985,-0.4654478264643842,-0.15280085574161603,-0.19734023185886682,0.023696483969704477, <=50K,2,11,1,5,0,4,1,16
-1.0346441689562624,1.183812180510273,-0.054758567819339146,-0.15280085574161603,-0.19734023185886682,-1.9958902179937232, <=50K,2,14,3,10,1,4,0,16
-1.2641118259450836,-1.2562731013684638,-1.6975156023995195,-0.15280085574161603,-0.19734023185886682,0.023696483969704477, <=50K,2,0,3,4,1,4,1,16
-1.5700687019301784,1.7737167129996831,-1.2868263437544745,-0.15280085574161603,-0.19734023185886682,-0.9457051329727408, <=50K,2,1,3,10,3,4,1,16
0.11269411598784351,-0.13029671926901118,-0.054758567819339146,-0.15280085574161603,-0.19734023185886682,0.8315311647550756, >50K,2,14,1,3,0,4,1,16
-0.6521980739748938,0.7664432263472569,1.177309208115796,-0.15280085574161603,-0.19734023185886682,0.023696483969704477, <=50K,4,9,4,8,3,4,1,16
0.4951402109692122,-1.3972290808644663,1.177309208115796,-0.15280085574161603,-0.19734023185886682,0.023696483969704477, >50K,2,9,1,2,0,4,1,16
-1.0346441689562624,-0.6730049330554374,-0.054758567819339146,-0.15280085574161603,-0.19734023185886682,0.8315311647550756, <=50K,2,14,3,12,3,4,1,16
2.560349123868603,-0.4541928301667509,1.587998466760841,1.5166907529165408,-0.19734023185886682,0.023696483969704477, >50K,4,12,1,10,0,4,1,16
1.0305647439431282,-0.2832199128535741,1.177309208115796,-0.15280085574161603,6.525422639338246,0.023696483969704477, >50K,4,9,1,10,0,1,1,0
1.3365216199282233,0.9236785731075325,-2.9295833783346548,-0.15280085574161603,-0.19734023185886682,-1.188055537208352, <=50K,2,4,0,6,4,2,1,16
0.26567255398039097,0.05217856993259187,1.177309208115796,-0.15280085574161603,-0.19734023185886682,1.6393658455404467, >50K,2,9,1,2,0,4,1,16
-1.1111333879525362,-0.35917710640741213,-0.4654478264643842,-0.15280085574161603,-0.19734023185886682,-2.64215796262202, <=50K,2,11,3,4,4,2,0,16
0.03620489699156979,2.1999572300035575,0.35593069082570594,-0.15280085574161603,-0.19734023185886682,0.023696483969704477, <=50K,2,8,0,0,4,4,0,16
0.11269411598784351,-0.7089065753211187,-0.4654478264643842,-0.15280085574161603,-0.19734023185886682,0.023696483969704477, >50K,2,11,1,12,0,4,1,16
-1.417090263937631,1.8512563480858928,-0.4654478264643842,-0.15280085574161603,-0.19734023185886682,-0.7841381968156667, <=50K,2,11,3,0,1,4,0,16
0.8775863059505808,-1.156836431578062,-2.1082048610445647,-0.15280085574161603,-0.19734023185886682,0.023696483969704477, <=50K,2,6,0,5,1,4,0,16
-0.42273041698607255,0.8008613296763398,1.177309208115796,-0.15280085574161603,-0.19734023185886682,0.023696483969704477, >50K,2,9,1,0,2,4,1,11
-0.8051765119674412,-0.9211218750717309,-0.4654478264643842,-0.15280085574161603,-0.19734023185886682,2.4472005263258176, <=50K,2,11,1,1,0,4,1,16
0.03620489699156979,-0.929924206095548,1.177309208115796,-0.15280085574161603,-0.19734023185886682,0.8315311647550756, >50K,2,9,1,10,0,4,1,16
-0.34624119798979885,0.6837903270595714,-0.054758567819339146,-0.15280085574161603,-0.19734023185886682,1.6393658455404467, <=50K,2,14,1,1,5,4,0,16
1.948435371898413,-0.39226991495313374,-0.054758567819339146,-0.15280085574161603,-0.19734023185886682,-1.9958902179937232, <=50K,2,14,1,8,0,4,1,16
-1.1111333879525362,0.163236294726348,1.177309208115796,-0.15280085574161603,-0.19734023185886682,-0.9457051329727408, <=50K,2,9,3,2,3,4,1,16
-0.34624119798979885,-0.33210746594428003,-0.054758567819339146,-0.15280085574161603,-0.19734023185886682,1.6393658455404467, <=50K,3,14,1,1,0,4,1,16
1.2600324009319495,2.1472520367160053,-0.4654478264643842,-0.15280085574161603,-0.19734023185886682,0.023696483969704477, <=50K,4,11,1,10,0,2,1,16
-0.6521980739748938,-0.12106910708336913,0.35593069082570594,0.18944098840952336,-0.19734023185886682,0.42761382436239004, <=50K,2,8,0,11,1,4,0,16
0.801097086954307,-0.4446981809725212,-0.054758567819339146,-0.15280085574161603,-0.19734023185886682,-0.7841381968156667, <=50K,2,14,0,8,4,2,0,16
-0.1932627599972514,1.8115469558829422,1.177309208115796,-0.15280085574161603,-0.19734023185886682,0.023696483969704477, <=50K,4,9,3,2,1,4,1,16
-0.7286872929711675,-0.24913807835012022,0.35593069082570594,-0.15280085574161603,-0.19734023185886682,0.023696483969704477, <=50K,2,8,1,0,5,1,0,7
-0.040284322004703936,-0.054992282847276454,1.177309208115796,1.057482169940978,-0.19734023185886682,0.8315311647550756, >50K,2,9,1,8,0,4,1,16
0.3421617729766647,-0.11920973828283248,1.9986877254058864,-0.15280085574161603,-0.19734023185886682,2.043283185933132, >50K,4,13,1,3,0,4,1,16
0.18918333498411724,-0.1904097169799783,1.587998466760841,-0.15280085574161603,-0.19734023185886682,0.023696483969704477, <=50K,2,12,1,8,0,4,1,16
0.7246078679580333,1.5095973309872814,-0.054758567819339146,-0.15280085574161603,-0.19734023185886682,1.235448505147761, <=50K,2,14,0,10,3,4,1,16
-1.1876226069488098,0.36740092318101963,1.177309208115796,-0.15280085574161603,-0.19734023185886682,0.8315311647550756, <=50K,2,9,3,2,3,4,0,16
-0.57570885497862,-1.008235281428789,1.177309208115796,-0.15280085574161603,-0.19734023185886682,0.42761382436239004, >50K,2,9,1,2,0,4,1,16
-0.7286872929711675,-0.7931518064007531,-0.4654478264643842,-0.15280085574161603,-0.19734023185886682,0.023696483969704477, <=50K,2,11,1,11,0,4,1,16
1.948435371898413,-1.5874286627959584,-2.5188941196896097,-0.15280085574161603,-0.19734023185886682,1.235448505147761, <=50K,1,5,1,6,0,4,1,16
1.0305647439431282,-0.13315500428685742,-2.1082048610445647,-0.15280085574161603,-0.19734023185886682,-1.5919728776010378, <=50K,4,6,1,1,0,4,1,16
-1.1876226069488098,-0.886792784078844,-0.4654478264643842,-0.15280085574161603,-0.19734023185886682,0.023696483969704477, <=50K,2,11,3,4,3,4,0,16
-0.8051765119674412,-0.9800282611142647,0.766619949470751,-0.15280085574161603,-0.19734023185886682,0.023696483969704477, <=50K,2,7,1,8,3,0,1,16
-0.1932627599972514,-0.36579369006464096,-0.4654478264643842,-0.15280085574161603,-0.19734023185886682,0.42761382436239004, <=50K,2,11,3,10,1,4,1,16
0.6481186489617596,-0.17614796266947902,-0.4654478264643842,-0.15280085574161603,-0.19734023185886682,-0.13787045218736974, <=50K,2,11,0,5,1,4,0,16
-0.040284322004703936,0.21554587763080754,-0.054758567819339146,-0.15280085574161603,-0.19734023185886682,0.9930981009121498, <=50K,2,14,0,5,1,4,1,16
-1.0346441689562624,0.13064788941906985,1.177309208115796,-0.15280085574161603,-0.19734023185886682,-1.9958902179937232, <=50K,2,9,3,8,3,2,1,16
-0.040284322004703936,-0.2063528154186224,-0.4654478264643842,-0.15280085574161603,-0.19734023185886682,-2.3998075583864087, <=50K,4,11,0,4,3,4,1,16
1.1835431819356756,-1.1914028888008046,-0.054758567819339146,-0.15280085574161603,-0.19734023185886682,0.023696483969704477, <=50K,2,14,1,11,0,4,1,16
-0.8051765119674412,-0.950703641467503,-0.4654478264643842,-0.15280085574161603,-0.19734023185886682,-0.7841381968156667, <=50K,2,11,3,10,1,4,1,16
0.6481186489617596,1.787750991339904,1.9986877254058864,15.58953685045424,-0.19734023185886682,1.6393658455404467, >50K,2,13,1,8,0,4,1,16
-0.8816657309637149,1.2021289412474747,-0.054758567819339146,-0.15280085574161603,-0.19734023185886682,-0.3802208564229811, <=50K,2,14,1,2,5,4,0,16
-0.42273041698607255,1.8442639345647256,-1.2868263437544745,-0.15280085574161603,-0.19734023185886682,0.023696483969704477, <=50K,2,1,3,1,2,4,1,16
0.03620489699156979,-0.80949051522249,-0.4654478264643842,-0.15280085574161603,-0.19734023185886682,0.023696483969704477, <=50K,1,11,1,12,0,4,1,16
0.801097086954307,-1.2924318903831555,-0.054758567819339146,-0.15280085574161603,-0.19734023185886682,2.4472005263258176, >50K,4,14,1,10,0,4,1,16
0.4951402109692122,-0.09695665423385649,-0.4654478264643842,-0.15280085574161603,5.306138938475167,0.42761382436239004, >50K,4,11,1,2,0,4,1,16
-0.040284322004703936,-1.1781301604480374,-0.4654478264643842,-0.15280085574161603,-0.19734023185886682,0.023696483969704477, <=50K,2,11,3,6,3,1,0,11
0.4951402109692122,-0.4169164418198218,-0.054758567819339146,-0.15280085574161603,-0.19734023185886682,0.023696483969704477, <=50K,2,14,1,2,0,4,1,16
-0.4992196359823463,-0.13660670487934304,-0.4654478264643842,-0.15280085574161603,-0.19734023185886682,-0.3802208564229811, <=50K,2,11,3,6,1,3,0,16
1.7954569339058655,-0.2589887768891336,1.9986877254058864,-0.15280085574161603,-0.19734023185886682,-0.3802208564229811, >50K,4,13,1,8,0,4,1,16
